:START_ID,:END_ID,SOURCE,TARGET,:TYPE
60,00,60,00,partOf
50,60,50,60,partOf
40,50,40,50,partOf
30,40,30,40,partOf
20,30,20,30,partOf
10,20,10,20,partOf
51,60,51,60,partOf
41,51,41,51,partOf
31,41,31,41,partOf
21,31,21,31,partOf
11,21,11,21,partOf
32,40,32,40,partOf
22,32,22,32,partOf
12,22,12,22,partOf
23,30,23,30,partOf
13,23,13,23,partOf
24,31,24,31,partOf
14,24,14,24,partOf
25,32,25,32,partOf
15,25,15,25,partOf
26,30,26,30,partOf
16,26,16,26,partOf
27,31,27,31,partOf
17,27,17,27,partOf
28,32,28,32,partOf
18,28,18,28,partOf
29,31,29,31,partOf
19,29,19,29,partOf
210,32,210,32,partOf
110,210,110,210,partOf
211,31,211,31,partOf
111,211,111,211,partOf
212,32,212,32,partOf
112,212,112,212,partOf
213,31,213,31,partOf
113,213,113,213,partOf
214,32,214,32,partOf
114,214,114,214,partOf
215,31,215,31,partOf
115,215,115,215,partOf
216,32,216,32,partOf
116,216,116,216,partOf
317,40,317,40,partOf
217,317,217,317,partOf
117,217,117,217,partOf
218,31,218,31,partOf
118,218,118,218,partOf
419,50,419,50,partOf
219,32,219,32,partOf
119,219,119,219,partOf
220,419,220,419,partOf
120,220,120,220,partOf
221,31,221,31,partOf
121,221,121,221,partOf
222,32,222,32,partOf
122,222,122,222,partOf
223,31,223,31,partOf
123,223,123,223,partOf
424,51,424,51,partOf
224,32,224,32,partOf
124,224,124,224,partOf
525,60,525,60,partOf
325,41,325,41,partOf
225,325,225,325,partOf
125,225,125,225,partOf
426,50,426,50,partOf
226,31,226,31,partOf
126,226,126,226,partOf
227,32,227,32,partOf
127,227,127,227,partOf
228,325,228,325,partOf
128,228,128,228,partOf
229,32,229,32,partOf
129,229,129,229,partOf
230,31,230,31,partOf
130,230,130,230,partOf
231,32,231,32,partOf
131,231,131,231,partOf
232,31,232,31,partOf
132,232,132,232,partOf
233,32,233,32,partOf
133,233,133,233,partOf
234,32,234,32,partOf
134,234,134,234,partOf
235,31,235,31,partOf
135,235,135,235,partOf
236,32,236,32,partOf
136,236,136,236,partOf
337,424,337,424,partOf
237,337,237,337,partOf
137,237,137,237,partOf
238,32,238,32,partOf
138,238,138,238,partOf
339,424,339,424,partOf
239,339,239,339,partOf
139,239,139,239,partOf
240,31,240,31,partOf
140,240,140,240,partOf
241,32,241,32,partOf
141,241,141,241,partOf
242,339,242,339,partOf
142,242,142,242,partOf
243,31,243,31,partOf
143,243,143,243,partOf
244,32,244,32,partOf
144,244,144,244,partOf
245,339,245,339,partOf
145,245,145,245,partOf
246,31,246,31,partOf
146,246,146,246,partOf
247,32,247,32,partOf
147,247,147,247,partOf
248,41,248,41,partOf
148,248,148,248,partOf
249,339,249,339,partOf
149,249,149,249,partOf
250,31,250,31,partOf
150,250,150,250,partOf
251,32,251,32,partOf
151,251,151,251,partOf
252,337,252,337,partOf
152,252,152,252,partOf
253,31,253,31,partOf
153,253,153,253,partOf
254,32,254,32,partOf
154,254,154,254,partOf
255,337,255,337,partOf
155,255,155,255,partOf
256,31,256,31,partOf
156,256,156,256,partOf
257,337,257,337,partOf
157,257,157,257,partOf
258,32,258,32,partOf
158,258,158,258,partOf
259,32,259,32,partOf
159,259,159,259,partOf
260,51,260,51,partOf
160,260,160,260,partOf
261,337,261,337,partOf
161,261,161,261,partOf
262,31,262,31,partOf
162,262,162,262,partOf
263,32,263,32,partOf
163,263,163,263,partOf
264,31,264,31,partOf
164,264,164,264,partOf
265,337,265,337,partOf
165,265,165,265,partOf
266,31,266,31,partOf
166,266,166,266,partOf
267,41,267,41,partOf
167,267,167,267,partOf
268,337,268,337,partOf
168,268,168,268,partOf
269,32,269,32,partOf
169,269,169,269,partOf
270,337,270,337,partOf
170,270,170,270,partOf
271,31,271,31,partOf
171,271,171,271,partOf
272,32,272,32,partOf
172,272,172,272,partOf
273,31,273,31,partOf
173,273,173,273,partOf
274,32,274,32,partOf
174,274,174,274,partOf
275,31,275,31,partOf
175,275,175,275,partOf
276,32,276,32,partOf
176,276,176,276,partOf
277,337,277,337,partOf
177,277,177,277,partOf
278,32,278,32,partOf
178,278,178,278,partOf
279,337,279,337,partOf
179,279,179,279,partOf
280,30,280,30,partOf
180,280,180,280,partOf
281,31,281,31,partOf
181,281,181,281,partOf
282,32,282,32,partOf
182,282,182,282,partOf
283,337,283,337,partOf
183,283,183,283,partOf
284,31,284,31,partOf
184,284,184,284,partOf
285,32,285,32,partOf
185,285,185,285,partOf
286,317,286,317,partOf
186,286,186,286,partOf
287,31,287,31,partOf
187,287,187,287,partOf
288,32,288,32,partOf
188,288,188,288,partOf
289,317,289,317,partOf
189,289,189,289,partOf
290,31,290,31,partOf
190,290,190,290,partOf
291,32,291,32,partOf
191,291,191,291,partOf
292,337,292,337,partOf
192,292,192,292,partOf
293,30,293,30,partOf
193,293,193,293,partOf
294,31,294,31,partOf
194,294,194,294,partOf
295,32,295,32,partOf
195,295,195,295,partOf
296,317,296,317,partOf
196,296,196,296,partOf
297,31,297,31,partOf
197,297,197,297,partOf
298,32,298,32,partOf
198,298,198,298,partOf
299,317,299,317,partOf
199,299,199,299,partOf
2100,31,2100,31,partOf
1100,2100,1100,2100,partOf
2101,41,2101,41,partOf
1101,2101,1101,2101,partOf
2102,317,2102,317,partOf
1102,2102,1102,2102,partOf
2103,31,2103,31,partOf
1103,2103,1103,2103,partOf
2104,32,2104,32,partOf
1104,2104,1104,2104,partOf
2105,41,2105,41,partOf
1105,2105,1105,2105,partOf
2106,317,2106,317,partOf
1106,2106,1106,2106,partOf
2107,31,2107,31,partOf
1107,2107,1107,2107,partOf
2108,32,2108,32,partOf
1108,2108,1108,2108,partOf
2109,41,2109,41,partOf
1109,2109,1109,2109,partOf
2110,40,2110,40,partOf
1110,2110,1110,2110,partOf
2111,317,2111,317,partOf
1111,2111,1111,2111,partOf
2112,31,2112,31,partOf
1112,2112,1112,2112,partOf
2113,32,2113,32,partOf
1113,2113,1113,2113,partOf
2114,317,2114,317,partOf
1114,2114,1114,2114,partOf
2115,31,2115,31,partOf
1115,2115,1115,2115,partOf
2116,317,2116,317,partOf
1116,2116,1116,2116,partOf
2117,31,2117,31,partOf
1117,2117,1117,2117,partOf
2118,32,2118,32,partOf
1118,2118,1118,2118,partOf
2119,317,2119,317,partOf
1119,2119,1119,2119,partOf
2120,31,2120,31,partOf
1120,2120,1120,2120,partOf
2121,32,2121,32,partOf
1121,2121,1121,2121,partOf
2122,317,2122,317,partOf
1122,2122,1122,2122,partOf
4123,51,4123,51,partOf
2123,32,2123,32,partOf
1123,2123,1123,2123,partOf
2124,51,2124,51,partOf
1124,2124,1124,2124,partOf
2125,317,2125,317,partOf
1125,2125,1125,2125,partOf
2126,31,2126,31,partOf
1126,2126,1126,2126,partOf
2127,31,2127,31,partOf
1127,2127,1127,2127,partOf
2128,31,2128,31,partOf
1128,2128,1128,2128,partOf
5129,60,5129,60,partOf
4129,5129,4129,5129,partOf
3129,4129,3129,4129,partOf
2129,3129,2129,3129,partOf
1129,2129,1129,2129,partOf
5130,60,5130,60,partOf
4130,5130,4130,5130,partOf
3130,4130,3130,4130,partOf
2130,3130,2130,3130,partOf
1130,2130,1130,2130,partOf
5131,60,5131,60,partOf
4131,5131,4131,5131,partOf
3131,4131,3131,4131,partOf
2131,3131,2131,3131,partOf
1131,2131,1131,2131,partOf
3132,5129,3132,5129,partOf
2132,3132,2132,3132,partOf
1132,2132,1132,2132,partOf
5133,60,5133,60,partOf
4133,5133,4133,5133,partOf
3133,4133,3133,4133,partOf
2133,3133,2133,3133,partOf
1133,2133,1133,2133,partOf
2134,4130,2134,4130,partOf
1134,2134,1134,2134,partOf
2135,3129,2135,3129,partOf
1135,2135,1135,2135,partOf
4136,5131,4136,5131,partOf
2136,3130,2136,3130,partOf
1136,2136,1136,2136,partOf
3137,5130,3137,5130,partOf
2137,3137,2137,3137,partOf
1137,2137,1137,2137,partOf
2138,3132,2138,3132,partOf
1138,2138,1138,2138,partOf
5139,60,5139,60,partOf
2139,3133,2139,3133,partOf
1139,2139,1139,2139,partOf
5140,60,5140,60,partOf
2140,4131,2140,4131,partOf
1140,2140,1140,2140,partOf
5141,60,5141,60,partOf
2141,3129,2141,3129,partOf
1141,2141,1141,2141,partOf
5142,60,5142,60,partOf
2142,3130,2142,3130,partOf
1142,2142,1142,2142,partOf
2143,3137,2143,3137,partOf
1143,2143,1143,2143,partOf
2144,3132,2144,3132,partOf
1144,2144,1144,2144,partOf
2145,3133,2145,3133,partOf
1145,2145,1145,2145,partOf
2146,3129,2146,3129,partOf
1146,2146,1146,2146,partOf
2147,3130,2147,3130,partOf
1147,2147,1147,2147,partOf
2148,3131,2148,3131,partOf
1148,2148,1148,2148,partOf
2149,3137,2149,3137,partOf
1149,2149,1149,2149,partOf
4150,5133,4150,5133,partOf
2150,3132,2150,3132,partOf
1150,2150,1150,2150,partOf
4151,5133,4151,5133,partOf
2151,3133,2151,3133,partOf
1151,2151,1151,2151,partOf
3152,4133,3152,4133,partOf
2152,3152,2152,3152,partOf
1152,2152,1152,2152,partOf
4153,5133,4153,5133,partOf
2153,3129,2153,3129,partOf
1153,2153,1153,2153,partOf
4154,5133,4154,5133,partOf
2154,3130,2154,3130,partOf
1154,2154,1154,2154,partOf
4155,5133,4155,5133,partOf
2155,3137,2155,3137,partOf
1155,2155,1155,2155,partOf
4156,5139,4156,5139,partOf
2156,3132,2156,3132,partOf
1156,2156,1156,2156,partOf
4157,5133,4157,5133,partOf
2157,3133,2157,3133,partOf
1157,2157,1157,2157,partOf
4158,5133,4158,5133,partOf
2158,3130,2158,3130,partOf
1158,2158,1158,2158,partOf
2159,3131,2159,3131,partOf
1159,2159,1159,2159,partOf
4160,5133,4160,5133,partOf
3160,4160,3160,4160,partOf
2160,3160,2160,3160,partOf
1160,2160,1160,2160,partOf
4161,5133,4161,5133,partOf
2161,3137,2161,3137,partOf
1161,2161,1161,2161,partOf
4162,5133,4162,5133,partOf
2162,3132,2162,3132,partOf
1162,2162,1162,2162,partOf
3163,4136,3163,4136,partOf
2163,3163,2163,3163,partOf
1163,2163,1163,2163,partOf
4164,5133,4164,5133,partOf
2164,3133,2164,3133,partOf
1164,2164,1164,2164,partOf
2165,3152,2165,3152,partOf
1165,2165,1165,2165,partOf
3166,4151,3166,4151,partOf
2166,3166,2166,3166,partOf
1166,2166,1166,2166,partOf
3167,4156,3167,4156,partOf
2167,3167,2167,3167,partOf
1167,2167,1167,2167,partOf
2168,3129,2168,3129,partOf
1168,2168,1168,2168,partOf
2169,3130,2169,3130,partOf
1169,2169,1169,2169,partOf
2170,3137,2170,3137,partOf
1170,2170,1170,2170,partOf
2171,3132,2171,3132,partOf
1171,2171,1171,2171,partOf
2172,3133,2172,3133,partOf
1172,2172,1172,2172,partOf
2173,3129,2173,3129,partOf
1173,2173,1173,2173,partOf
2174,3137,2174,3137,partOf
1174,2174,1174,2174,partOf
2175,3132,2175,3132,partOf
1175,2175,1175,2175,partOf
2176,3133,2176,3133,partOf
1176,2176,1176,2176,partOf
2177,3129,2177,3129,partOf
1177,2177,1177,2177,partOf
2178,3130,2178,3130,partOf
1178,2178,1178,2178,partOf
2179,3137,2179,3137,partOf
1179,2179,1179,2179,partOf
2180,3132,2180,3132,partOf
1180,2180,1180,2180,partOf
2181,3133,2181,3133,partOf
1181,2181,1181,2181,partOf
2182,3129,2182,3129,partOf
1182,2182,1182,2182,partOf
2183,3130,2183,3130,partOf
1183,2183,1183,2183,partOf
2184,3137,2184,3137,partOf
1184,2184,1184,2184,partOf
2185,3132,2185,3132,partOf
1185,2185,1185,2185,partOf
2186,3133,2186,3133,partOf
1186,2186,1186,2186,partOf
2187,3137,2187,3137,partOf
1187,2187,1187,2187,partOf
2188,3133,2188,3133,partOf
1188,2188,1188,2188,partOf
2189,3129,2189,3129,partOf
1189,2189,1189,2189,partOf
2190,3130,2190,3130,partOf
1190,2190,1190,2190,partOf
2191,3137,2191,3137,partOf
1191,2191,1191,2191,partOf
2192,3132,2192,3132,partOf
1192,2192,1192,2192,partOf
2193,3133,2193,3133,partOf
1193,2193,1193,2193,partOf
2194,3129,2194,3129,partOf
1194,2194,1194,2194,partOf
2195,3130,2195,3130,partOf
1195,2195,1195,2195,partOf
2196,3137,2196,3137,partOf
1196,2196,1196,2196,partOf
2197,3132,2197,3132,partOf
1197,2197,1197,2197,partOf
2198,3133,2198,3133,partOf
1198,2198,1198,2198,partOf
2199,3129,2199,3129,partOf
1199,2199,1199,2199,partOf
2200,3130,2200,3130,partOf
1200,2200,1200,2200,partOf
2201,3137,2201,3137,partOf
1201,2201,1201,2201,partOf
2202,3132,2202,3132,partOf
1202,2202,1202,2202,partOf
2203,3129,2203,3129,partOf
1203,2203,1203,2203,partOf
2204,3130,2204,3130,partOf
1204,2204,1204,2204,partOf
2205,3137,2205,3137,partOf
1205,2205,1205,2205,partOf
2206,3132,2206,3132,partOf
1206,2206,1206,2206,partOf
2207,3133,2207,3133,partOf
1207,2207,1207,2207,partOf
2208,3129,2208,3129,partOf
1208,2208,1208,2208,partOf
2209,3130,2209,3130,partOf
1209,2209,1209,2209,partOf
2210,3137,2210,3137,partOf
1210,2210,1210,2210,partOf
2211,3132,2211,3132,partOf
1211,2211,1211,2211,partOf
2212,3133,2212,3133,partOf
1212,2212,1212,2212,partOf
2213,3129,2213,3129,partOf
1213,2213,1213,2213,partOf
2214,3137,2214,3137,partOf
1214,2214,1214,2214,partOf
2215,3132,2215,3132,partOf
1215,2215,1215,2215,partOf
2216,3133,2216,3133,partOf
1216,2216,1216,2216,partOf
2217,3129,2217,3129,partOf
1217,2217,1217,2217,partOf
2218,3130,2218,3130,partOf
1218,2218,1218,2218,partOf
2219,3137,2219,3137,partOf
1219,2219,1219,2219,partOf
2220,3132,2220,3132,partOf
1220,2220,1220,2220,partOf
2221,3133,2221,3133,partOf
1221,2221,1221,2221,partOf
2222,4130,2222,4130,partOf
1222,2222,1222,2222,partOf
2223,3129,2223,3129,partOf
1223,2223,1223,2223,partOf
2224,3130,2224,3130,partOf
1224,2224,1224,2224,partOf
2225,3137,2225,3137,partOf
1225,2225,1225,2225,partOf
2226,3132,2226,3132,partOf
1226,2226,1226,2226,partOf
2227,3133,2227,3133,partOf
1227,2227,1227,2227,partOf
2228,4130,2228,4130,partOf
1228,2228,1228,2228,partOf
2229,4131,2229,4131,partOf
1229,2229,1229,2229,partOf
2230,3129,2230,3129,partOf
1230,2230,1230,2230,partOf
2231,3130,2231,3130,partOf
1231,2231,1231,2231,partOf
2232,3137,2232,3137,partOf
1232,2232,1232,2232,partOf
2233,3132,2233,3132,partOf
1233,2233,1233,2233,partOf
2234,3133,2234,3133,partOf
1234,2234,1234,2234,partOf
2235,3129,2235,3129,partOf
1235,2235,1235,2235,partOf
2236,3130,2236,3130,partOf
1236,2236,1236,2236,partOf
2237,3137,2237,3137,partOf
1237,2237,1237,2237,partOf
2238,3132,2238,3132,partOf
1238,2238,1238,2238,partOf
2239,3133,2239,3133,partOf
1239,2239,1239,2239,partOf
2240,3130,2240,3130,partOf
1240,2240,1240,2240,partOf
2241,3137,2241,3137,partOf
1241,2241,1241,2241,partOf
2242,3132,2242,3132,partOf
1242,2242,1242,2242,partOf
2243,3133,2243,3133,partOf
1243,2243,1243,2243,partOf
2244,3129,2244,3129,partOf
1244,2244,1244,2244,partOf
2245,3132,2245,3132,partOf
1245,2245,1245,2245,partOf
2246,3133,2246,3133,partOf
1246,2246,1246,2246,partOf
2247,3129,2247,3129,partOf
1247,2247,1247,2247,partOf
2248,3130,2248,3130,partOf
1248,2248,1248,2248,partOf
2249,3137,2249,3137,partOf
1249,2249,1249,2249,partOf
2250,3132,2250,3132,partOf
1250,2250,1250,2250,partOf
2251,3133,2251,3133,partOf
1251,2251,1251,2251,partOf
2252,3129,2252,3129,partOf
1252,2252,1252,2252,partOf
2253,3130,2253,3130,partOf
1253,2253,1253,2253,partOf
2254,3137,2254,3137,partOf
1254,2254,1254,2254,partOf
2255,3132,2255,3132,partOf
1255,2255,1255,2255,partOf
2256,3133,2256,3133,partOf
1256,2256,1256,2256,partOf
2257,3129,2257,3129,partOf
1257,2257,1257,2257,partOf
2258,3130,2258,3130,partOf
1258,2258,1258,2258,partOf
2259,3137,2259,3137,partOf
1259,2259,1259,2259,partOf
2260,3132,2260,3132,partOf
1260,2260,1260,2260,partOf
2261,3133,2261,3133,partOf
1261,2261,1261,2261,partOf
2262,3130,2262,3130,partOf
1262,2262,1262,2262,partOf
2263,3137,2263,3137,partOf
1263,2263,1263,2263,partOf
2264,3132,2264,3132,partOf
1264,2264,1264,2264,partOf
2265,3133,2265,3133,partOf
1265,2265,1265,2265,partOf
2266,3129,2266,3129,partOf
1266,2266,1266,2266,partOf
2267,3130,2267,3130,partOf
1267,2267,1267,2267,partOf
3268,4136,3268,4136,partOf
2268,3268,2268,3268,partOf
1268,2268,1268,2268,partOf
3269,4133,3269,4133,partOf
2269,3269,2269,3269,partOf
1269,2269,1269,2269,partOf
2270,3137,2270,3137,partOf
1270,2270,1270,2270,partOf
2271,3132,2271,3132,partOf
1271,2271,1271,2271,partOf
2272,3133,2272,3133,partOf
1272,2272,1272,2272,partOf
2273,3129,2273,3129,partOf
1273,2273,1273,2273,partOf
2274,3137,2274,3137,partOf
1274,2274,1274,2274,partOf
2275,3129,2275,3129,partOf
1275,2275,1275,2275,partOf
2276,3130,2276,3130,partOf
1276,2276,1276,2276,partOf
2277,3268,2277,3268,partOf
1277,2277,1277,2277,partOf
2278,3137,2278,3137,partOf
1278,2278,1278,2278,partOf
5279,60,5279,60,partOf
4279,5279,4279,5279,partOf
3279,4279,3279,4279,partOf
2279,3279,2279,3279,partOf
1279,2279,1279,2279,partOf
4280,5279,4280,5279,partOf
3280,4280,3280,4280,partOf
2280,3280,2280,3280,partOf
1280,2280,1280,2280,partOf
4281,5279,4281,5279,partOf
3281,4281,3281,4281,partOf
2281,3281,2281,3281,partOf
1281,2281,1281,2281,partOf
3282,4279,3282,4279,partOf
2282,3282,2282,3282,partOf
1282,2282,1282,2282,partOf
3283,4280,3283,4280,partOf
2283,3283,2283,3283,partOf
1283,2283,1283,2283,partOf
4284,5279,4284,5279,partOf
3284,4284,3284,4284,partOf
2284,3284,2284,3284,partOf
1284,2284,1284,2284,partOf
2285,3279,2285,3279,partOf
1285,2285,1285,2285,partOf
2286,3280,2286,3280,partOf
1286,2286,1286,2286,partOf
2287,3281,2287,3281,partOf
1287,2287,1287,2287,partOf
2288,3282,2288,3282,partOf
1288,2288,1288,2288,partOf
2289,3284,2289,3284,partOf
1289,2289,1289,2289,partOf
2290,3279,2290,3279,partOf
1290,2290,1290,2290,partOf
2291,3280,2291,3280,partOf
1291,2291,1291,2291,partOf
2292,3281,2292,3281,partOf
1292,2292,1292,2292,partOf
2293,3282,2293,3282,partOf
1293,2293,1293,2293,partOf
2294,3284,2294,3284,partOf
1294,2294,1294,2294,partOf
2295,3279,2295,3279,partOf
1295,2295,1295,2295,partOf
2296,3280,2296,3280,partOf
1296,2296,1296,2296,partOf
2297,3281,2297,3281,partOf
1297,2297,1297,2297,partOf
5298,60,5298,60,partOf
2298,3282,2298,3282,partOf
1298,2298,1298,2298,partOf
2299,3284,2299,3284,partOf
1299,2299,1299,2299,partOf
4300,5298,4300,5298,partOf
2300,3279,2300,3279,partOf
1300,2300,1300,2300,partOf
2301,3282,2301,3282,partOf
1301,2301,1301,2301,partOf
2302,3283,2302,3283,partOf
1302,2302,1302,2302,partOf
2303,3284,2303,3284,partOf
1303,2303,1303,2303,partOf
4304,5298,4304,5298,partOf
3304,4304,3304,4304,partOf
2304,3304,2304,3304,partOf
1304,2304,1304,2304,partOf
2305,3280,2305,3280,partOf
1305,2305,1305,2305,partOf
5306,60,5306,60,partOf
2306,3281,2306,3281,partOf
1306,2306,1306,2306,partOf
2307,3282,2307,3282,partOf
1307,2307,1307,2307,partOf
2308,3283,2308,3283,partOf
1308,2308,1308,2308,partOf
5309,60,5309,60,partOf
4309,5309,4309,5309,partOf
3309,4309,3309,4309,partOf
2309,3309,2309,3309,partOf
1309,2309,1309,2309,partOf
4310,5309,4310,5309,partOf
3310,4310,3310,4310,partOf
2310,3310,2310,3310,partOf
1310,2310,1310,2310,partOf
2311,3309,2311,3309,partOf
1311,2311,1311,2311,partOf
5312,60,5312,60,partOf
2312,3310,2312,3310,partOf
1312,2312,1312,2312,partOf
2313,3310,2313,3310,partOf
1313,2313,1313,2313,partOf
4314,5312,4314,5312,partOf
2314,4314,2314,4314,partOf
1314,2314,1314,2314,partOf
2315,3310,2315,3310,partOf
1315,2315,1315,2315,partOf
2316,4310,2316,4310,partOf
1316,2316,1316,2316,partOf
2317,3310,2317,3310,partOf
1317,2317,1317,2317,partOf
2318,3309,2318,3309,partOf
1318,2318,1318,2318,partOf
3319,4310,3319,4310,partOf
2319,3319,2319,3319,partOf
1319,2319,1319,2319,partOf
3320,4309,3320,4309,partOf
2320,3320,2320,3320,partOf
1320,2320,1320,2320,partOf
2321,3310,2321,3310,partOf
1321,2321,1321,2321,partOf
2322,3310,2322,3310,partOf
1322,2322,1322,2322,partOf
2323,3309,2323,3309,partOf
1323,2323,1323,2323,partOf
2324,3319,2324,3319,partOf
1324,2324,1324,2324,partOf
2325,3320,2325,3320,partOf
1325,2325,1325,2325,partOf
2326,3310,2326,3310,partOf
1326,2326,1326,2326,partOf
2327,3309,2327,3309,partOf
1327,2327,1327,2327,partOf
2328,3319,2328,3319,partOf
1328,2328,1328,2328,partOf
4329,5312,4329,5312,partOf
2329,3320,2329,3320,partOf
1329,2329,1329,2329,partOf
2330,3310,2330,3310,partOf
1330,2330,1330,2330,partOf
2331,3319,2331,3319,partOf
1331,2331,1331,2331,partOf
2332,3310,2332,3310,partOf
1332,2332,1332,2332,partOf
4333,5309,4333,5309,partOf
2333,3310,2333,3310,partOf
1333,2333,1333,2333,partOf
2334,3310,2334,3310,partOf
1334,2334,1334,2334,partOf
2335,3310,2335,3310,partOf
1335,2335,1335,2335,partOf
5336,60,5336,60,partOf
4336,5336,4336,5336,partOf
3336,4336,3336,4336,partOf
2336,3336,2336,3336,partOf
1336,2336,1336,2336,partOf
5337,60,5337,60,partOf
4337,5337,4337,5337,partOf
2337,4337,2337,4337,partOf
1337,2337,1337,2337,partOf
2338,4337,2338,4337,partOf
1338,2338,1338,2338,partOf
2339,4337,2339,4337,partOf
1339,2339,1339,2339,partOf
4340,5337,4340,5337,partOf
3340,4340,3340,4340,partOf
2340,3340,2340,3340,partOf
1340,2340,1340,2340,partOf
2341,4336,2341,4336,partOf
1341,2341,1341,2341,partOf
5342,60,5342,60,partOf
4342,5342,4342,5342,partOf
2342,4342,2342,4342,partOf
1342,2342,1342,2342,partOf
4343,5342,4343,5342,partOf
2343,4343,2343,4343,partOf
1343,2343,1343,2343,partOf
3344,4343,3344,4343,partOf
2344,3344,2344,3344,partOf
1344,2344,1344,2344,partOf
2345,3344,2345,3344,partOf
1345,2345,1345,2345,partOf
2346,3344,2346,3344,partOf
1346,2346,1346,2346,partOf
2347,3344,2347,3344,partOf
1347,2347,1347,2347,partOf
2348,3344,2348,3344,partOf
1348,2348,1348,2348,partOf
2349,3344,2349,3344,partOf
1349,2349,1349,2349,partOf
2350,3344,2350,3344,partOf
1350,2350,1350,2350,partOf
2351,3344,2351,3344,partOf
1351,2351,1351,2351,partOf
2352,3344,2352,3344,partOf
1352,2352,1352,2352,partOf
2353,3344,2353,3344,partOf
1353,2353,1353,2353,partOf
2354,4336,2354,4336,partOf
1354,2354,1354,2354,partOf
2355,3344,2355,3344,partOf
1355,2355,1355,2355,partOf
2356,3344,2356,3344,partOf
1356,2356,1356,2356,partOf
3357,4336,3357,4336,partOf
2357,3357,2357,3357,partOf
1357,2357,1357,2357,partOf
2358,3357,2358,3357,partOf
1358,2358,1358,2358,partOf
2359,3357,2359,3357,partOf
1359,2359,1359,2359,partOf
2360,3336,2360,3336,partOf
1360,2360,1360,2360,partOf
2361,3357,2361,3357,partOf
1361,2361,1361,2361,partOf
2362,3357,2362,3357,partOf
1362,2362,1362,2362,partOf
2363,3336,2363,3336,partOf
1363,2363,1363,2363,partOf
2364,3357,2364,3357,partOf
1364,2364,1364,2364,partOf
2365,3357,2365,3357,partOf
1365,2365,1365,2365,partOf
2366,3357,2366,3357,partOf
1366,2366,1366,2366,partOf
2367,3357,2367,3357,partOf
1367,2367,1367,2367,partOf
2368,3357,2368,3357,partOf
1368,2368,1368,2368,partOf
2369,3336,2369,3336,partOf
1369,2369,1369,2369,partOf
2370,3357,2370,3357,partOf
1370,2370,1370,2370,partOf
2371,3336,2371,3336,partOf
1371,2371,1371,2371,partOf
2372,3357,2372,3357,partOf
1372,2372,1372,2372,partOf
2373,3357,2373,3357,partOf
1373,2373,1373,2373,partOf
2374,3357,2374,3357,partOf
1374,2374,1374,2374,partOf
2375,3357,2375,3357,partOf
1375,2375,1375,2375,partOf
2376,4336,2376,4336,partOf
1376,2376,1376,2376,partOf
2377,3357,2377,3357,partOf
1377,2377,1377,2377,partOf
2378,3357,2378,3357,partOf
1378,2378,1378,2378,partOf
2379,3336,2379,3336,partOf
1379,2379,1379,2379,partOf
2380,3357,2380,3357,partOf
1380,2380,1380,2380,partOf
2381,3336,2381,3336,partOf
1381,2381,1381,2381,partOf
2382,3357,2382,3357,partOf
1382,2382,1382,2382,partOf
2383,3336,2383,3336,partOf
1383,2383,1383,2383,partOf
2384,3336,2384,3336,partOf
1384,2384,1384,2384,partOf
2385,3336,2385,3336,partOf
1385,2385,1385,2385,partOf
2386,4336,2386,4336,partOf
1386,2386,1386,2386,partOf
2387,4336,2387,4336,partOf
1387,2387,1387,2387,partOf
2388,4336,2388,4336,partOf
1388,2388,1388,2388,partOf
2389,3336,2389,3336,partOf
1389,2389,1389,2389,partOf
2390,3336,2390,3336,partOf
1390,2390,1390,2390,partOf
2391,3336,2391,3336,partOf
1391,2391,1391,2391,partOf
2392,3336,2392,3336,partOf
1392,2392,1392,2392,partOf
2393,3336,2393,3336,partOf
1393,2393,1393,2393,partOf
2394,3336,2394,3336,partOf
1394,2394,1394,2394,partOf
3395,4340,3395,4340,partOf
2395,3395,2395,3395,partOf
1395,2395,1395,2395,partOf
2396,3395,2396,3395,partOf
1396,2396,1396,2396,partOf
2397,3395,2397,3395,partOf
1397,2397,1397,2397,partOf
2398,3395,2398,3395,partOf
1398,2398,1398,2398,partOf
2399,4336,2399,4336,partOf
1399,2399,1399,2399,partOf
2400,3340,2400,3340,partOf
1400,2400,1400,2400,partOf
2401,3340,2401,3340,partOf
1401,2401,1401,2401,partOf
2402,3340,2402,3340,partOf
1402,2402,1402,2402,partOf
4403,5336,4403,5336,partOf
2403,3340,2403,3340,partOf
1403,2403,1403,2403,partOf
2404,3340,2404,3340,partOf
1404,2404,1404,2404,partOf
3405,4336,3405,4336,partOf
2405,3405,2405,3405,partOf
1405,2405,1405,2405,partOf
2406,3405,2406,3405,partOf
1406,2406,1406,2406,partOf
2407,3405,2407,3405,partOf
1407,2407,1407,2407,partOf
6408,00,6408,00,partOf
5408,6408,5408,6408,partOf
4408,5408,4408,5408,partOf
3408,4408,3408,4408,partOf
2408,3408,2408,3408,partOf
1408,2408,1408,2408,partOf
5409,6408,5409,6408,partOf
4409,5409,4409,5409,partOf
3409,4409,3409,4409,partOf
2409,3409,2409,3409,partOf
1409,2409,1409,2409,partOf
4410,5408,4410,5408,partOf
3410,4410,3410,4410,partOf
2410,3410,2410,3410,partOf
1410,2410,1410,2410,partOf
4411,5409,4411,5409,partOf
3411,4411,3411,4411,partOf
2411,3411,2411,3411,partOf
1411,2411,1411,2411,partOf
4412,5408,4412,5408,partOf
3412,4412,3412,4412,partOf
2412,3412,2412,3412,partOf
1412,2412,1412,2412,partOf
4413,5409,4413,5409,partOf
3413,4413,3413,4413,partOf
2413,3413,2413,3413,partOf
1413,2413,1413,2413,partOf
4414,5408,4414,5408,partOf
3414,4414,3414,4414,partOf
2414,3414,2414,3414,partOf
1414,2414,1414,2414,partOf
4415,5408,4415,5408,partOf
3415,4415,3415,4415,partOf
2415,3415,2415,3415,partOf
1415,2415,1415,2415,partOf
4416,5409,4416,5409,partOf
2416,3408,2416,3408,partOf
1416,2416,1416,2416,partOf
4417,5408,4417,5408,partOf
2417,3409,2417,3409,partOf
1417,2417,1417,2417,partOf
4418,5409,4418,5409,partOf
2418,3410,2418,3410,partOf
1418,2418,1418,2418,partOf
3419,4408,3419,4408,partOf
2419,3419,2419,3419,partOf
1419,2419,1419,2419,partOf
4420,5409,4420,5409,partOf
2420,3412,2420,3412,partOf
1420,2420,1420,2420,partOf
3421,4411,3421,4411,partOf
2421,3421,2421,3421,partOf
1421,2421,1421,2421,partOf
3422,4412,3422,4412,partOf
2422,3422,2422,3422,partOf
1422,2422,1422,2422,partOf
3423,4414,3423,4414,partOf
2423,3423,2423,3423,partOf
1423,2423,1423,2423,partOf
2424,3413,2424,3413,partOf
1424,2424,1424,2424,partOf
4425,5408,4425,5408,partOf
2425,3415,2425,3415,partOf
1425,2425,1425,2425,partOf
3426,4416,3426,4416,partOf
2426,3426,2426,3426,partOf
1426,2426,1426,2426,partOf
2427,3408,2427,3408,partOf
1427,2427,1427,2427,partOf
4428,5409,4428,5409,partOf
2428,3410,2428,3410,partOf
1428,2428,1428,2428,partOf
4429,5408,4429,5408,partOf
2429,3412,2429,3412,partOf
1429,2429,1429,2429,partOf
2430,3422,2430,3422,partOf
1430,2430,1430,2430,partOf
2431,3423,2431,3423,partOf
1431,2431,1431,2431,partOf
2432,3415,2432,3415,partOf
1432,2432,1432,2432,partOf
2433,3426,2433,3426,partOf
1433,2433,1433,2433,partOf
2434,3408,2434,3408,partOf
1434,2434,1434,2434,partOf
2435,3412,2435,3412,partOf
1435,2435,1435,2435,partOf
2436,3422,2436,3422,partOf
1436,2436,1436,2436,partOf
2437,3413,2437,3413,partOf
1437,2437,1437,2437,partOf
2438,3415,2438,3415,partOf
1438,2438,1438,2438,partOf
5439,6408,5439,6408,partOf
2439,3426,2439,3426,partOf
1439,2439,1439,2439,partOf
2440,3408,2440,3408,partOf
1440,2440,1440,2440,partOf
4441,5408,4441,5408,partOf
2441,4441,2441,4441,partOf
1441,2441,1441,2441,partOf
2442,3415,2442,3415,partOf
1442,2442,1442,2442,partOf
4443,5408,4443,5408,partOf
2443,3409,2443,3409,partOf
1443,2443,1443,2443,partOf
2444,3410,2444,3410,partOf
1444,2444,1444,2444,partOf
2445,3412,2445,3412,partOf
1445,2445,1445,2445,partOf
2446,3422,2446,3422,partOf
1446,2446,1446,2446,partOf
2447,3423,2447,3423,partOf
1447,2447,1447,2447,partOf
4448,5408,4448,5408,partOf
2448,3415,2448,3415,partOf
1448,2448,1448,2448,partOf
2449,3426,2449,3426,partOf
1449,2449,1449,2449,partOf
2450,3408,2450,3408,partOf
1450,2450,1450,2450,partOf
2451,3409,2451,3409,partOf
1451,2451,1451,2451,partOf
2452,3410,2452,3410,partOf
1452,2452,1452,2452,partOf
2453,3412,2453,3412,partOf
1453,2453,1453,2453,partOf
2454,3413,2454,3413,partOf
1454,2454,1454,2454,partOf
2455,3415,2455,3415,partOf
1455,2455,1455,2455,partOf
2456,3426,2456,3426,partOf
1456,2456,1456,2456,partOf
2457,3408,2457,3408,partOf
1457,2457,1457,2457,partOf
2458,3409,2458,3409,partOf
1458,2458,1458,2458,partOf
2459,3410,2459,3410,partOf
1459,2459,1459,2459,partOf
2460,3413,2460,3413,partOf
1460,2460,1460,2460,partOf
2461,3415,2461,3415,partOf
1461,2461,1461,2461,partOf
2462,3408,2462,3408,partOf
1462,2462,1462,2462,partOf
2463,3409,2463,3409,partOf
1463,2463,1463,2463,partOf
2464,3415,2464,3415,partOf
1464,2464,1464,2464,partOf
2465,3426,2465,3426,partOf
1465,2465,1465,2465,partOf
2466,3409,2466,3409,partOf
1466,2466,1466,2466,partOf
2467,3410,2467,3410,partOf
1467,2467,1467,2467,partOf
2468,3413,2468,3413,partOf
1468,2468,1468,2468,partOf
2469,3415,2469,3415,partOf
1469,2469,1469,2469,partOf
2470,3408,2470,3408,partOf
1470,2470,1470,2470,partOf
2471,4416,2471,4416,partOf
1471,2471,1471,2471,partOf
3472,4417,3472,4417,partOf
2472,3472,2472,3472,partOf
1472,2472,1472,2472,partOf
2473,3409,2473,3409,partOf
1473,2473,1473,2473,partOf
3474,4412,3474,4412,partOf
2474,3474,2474,3474,partOf
1474,2474,1474,2474,partOf
2475,3410,2475,3410,partOf
1475,2475,1475,2475,partOf
2476,3412,2476,3412,partOf
1476,2476,1476,2476,partOf
2477,3415,2477,3415,partOf
1477,2477,1477,2477,partOf
2478,3426,2478,3426,partOf
1478,2478,1478,2478,partOf
2479,3408,2479,3408,partOf
1479,2479,1479,2479,partOf
2480,3409,2480,3409,partOf
1480,2480,1480,2480,partOf
4481,5409,4481,5409,partOf
2481,3410,2481,3410,partOf
1481,2481,1481,2481,partOf
2482,3412,2482,3412,partOf
1482,2482,1482,2482,partOf
2483,3413,2483,3413,partOf
1483,2483,1483,2483,partOf
2484,3414,2484,3414,partOf
1484,2484,1484,2484,partOf
2485,3415,2485,3415,partOf
1485,2485,1485,2485,partOf
2486,3426,2486,3426,partOf
1486,2486,1486,2486,partOf
4487,5409,4487,5409,partOf
2487,3408,2487,3408,partOf
1487,2487,1487,2487,partOf
2488,3412,2488,3412,partOf
1488,2488,1488,2488,partOf
4489,5409,4489,5409,partOf
2489,3415,2489,3415,partOf
1489,2489,1489,2489,partOf
4490,5409,4490,5409,partOf
2490,3426,2490,3426,partOf
1490,2490,1490,2490,partOf
2491,3409,2491,3409,partOf
1491,2491,1491,2491,partOf
2492,3412,2492,3412,partOf
1492,2492,1492,2492,partOf
2493,3415,2493,3415,partOf
1493,2493,1493,2493,partOf
2494,3426,2494,3426,partOf
1494,2494,1494,2494,partOf
2495,3412,2495,3412,partOf
1495,2495,1495,2495,partOf
2496,3422,2496,3422,partOf
1496,2496,1496,2496,partOf
2497,3415,2497,3415,partOf
1497,2497,1497,2497,partOf
4498,5408,4498,5408,partOf
2498,3426,2498,3426,partOf
1498,2498,1498,2498,partOf
2499,3408,2499,3408,partOf
1499,2499,1499,2499,partOf
2500,3412,2500,3412,partOf
1500,2500,1500,2500,partOf
2501,3415,2501,3415,partOf
1501,2501,1501,2501,partOf
2502,3426,2502,3426,partOf
1502,2502,1502,2502,partOf
2503,3408,2503,3408,partOf
1503,2503,1503,2503,partOf
2504,3410,2504,3410,partOf
1504,2504,1504,2504,partOf
2505,3412,2505,3412,partOf
1505,2505,1505,2505,partOf
2506,3413,2506,3413,partOf
1506,2506,1506,2506,partOf
2507,3415,2507,3415,partOf
1507,2507,1507,2507,partOf
2508,3426,2508,3426,partOf
1508,2508,1508,2508,partOf
2509,3408,2509,3408,partOf
1509,2509,1509,2509,partOf
2510,3409,2510,3409,partOf
1510,2510,1510,2510,partOf
2511,3412,2511,3412,partOf
1511,2511,1511,2511,partOf
2512,3423,2512,3423,partOf
1512,2512,1512,2512,partOf
2513,3415,2513,3415,partOf
1513,2513,1513,2513,partOf
2514,3426,2514,3426,partOf
1514,2514,1514,2514,partOf
2515,3408,2515,3408,partOf
1515,2515,1515,2515,partOf
2516,4417,2516,4417,partOf
1516,2516,1516,2516,partOf
2517,4408,2517,4408,partOf
1517,2517,1517,2517,partOf
2518,4412,2518,4412,partOf
1518,2518,1518,2518,partOf
2519,3415,2519,3415,partOf
1519,2519,1519,2519,partOf
2520,3426,2520,3426,partOf
1520,2520,1520,2520,partOf
2521,3408,2521,3408,partOf
1521,2521,1521,2521,partOf
2522,4416,2522,4416,partOf
1522,2522,1522,2522,partOf
2523,4417,2523,4417,partOf
1523,2523,1523,2523,partOf
4524,5409,4524,5409,partOf
2524,4524,2524,4524,partOf
1524,2524,1524,2524,partOf
2525,3412,2525,3412,partOf
1525,2525,1525,2525,partOf
2526,3413,2526,3413,partOf
1526,2526,1526,2526,partOf
2527,3415,2527,3415,partOf
1527,2527,1527,2527,partOf
2528,3426,2528,3426,partOf
1528,2528,1528,2528,partOf
2529,3408,2529,3408,partOf
1529,2529,1529,2529,partOf
2530,3410,2530,3410,partOf
1530,2530,1530,2530,partOf
2531,3412,2531,3412,partOf
1531,2531,1531,2531,partOf
2532,3415,2532,3415,partOf
1532,2532,1532,2532,partOf
2533,3426,2533,3426,partOf
1533,2533,1533,2533,partOf
2534,3408,2534,3408,partOf
1534,2534,1534,2534,partOf
2535,3472,2535,3472,partOf
1535,2535,1535,2535,partOf
2536,3409,2536,3409,partOf
1536,2536,1536,2536,partOf
2537,3474,2537,3474,partOf
1537,2537,1537,2537,partOf
2538,3412,2538,3412,partOf
1538,2538,1538,2538,partOf
2539,3415,2539,3415,partOf
1539,2539,1539,2539,partOf
2540,3426,2540,3426,partOf
1540,2540,1540,2540,partOf
2541,3408,2541,3408,partOf
1541,2541,1541,2541,partOf
3542,4448,3542,4448,partOf
2542,3542,2542,3542,partOf
1542,2542,1542,2542,partOf
2543,3422,2543,3422,partOf
1543,2543,1543,2543,partOf
2544,3415,2544,3415,partOf
1544,2544,1544,2544,partOf
2545,3426,2545,3426,partOf
1545,2545,1545,2545,partOf
2546,3408,2546,3408,partOf
1546,2546,1546,2546,partOf
2547,3413,2547,3413,partOf
1547,2547,1547,2547,partOf
2548,3415,2548,3415,partOf
1548,2548,1548,2548,partOf
2549,3426,2549,3426,partOf
1549,2549,1549,2549,partOf
2550,3408,2550,3408,partOf
1550,2550,1550,2550,partOf
2551,3409,2551,3409,partOf
1551,2551,1551,2551,partOf
4552,5409,4552,5409,partOf
2552,3410,2552,3410,partOf
1552,2552,1552,2552,partOf
2553,3412,2553,3412,partOf
1553,2553,1553,2553,partOf
4554,5409,4554,5409,partOf
2554,3423,2554,3423,partOf
1554,2554,1554,2554,partOf
4555,5408,4555,5408,partOf
2555,3415,2555,3415,partOf
1555,2555,1555,2555,partOf
2556,3409,2556,3409,partOf
1556,2556,1556,2556,partOf
4557,5409,4557,5409,partOf
2557,3410,2557,3410,partOf
1557,2557,1557,2557,partOf
2558,3412,2558,3412,partOf
1558,2558,1558,2558,partOf
2559,3426,2559,3426,partOf
1559,2559,1559,2559,partOf
2560,3408,2560,3408,partOf
1560,2560,1560,2560,partOf
2561,3409,2561,3409,partOf
1561,2561,1561,2561,partOf
2562,3410,2562,3410,partOf
1562,2562,1562,2562,partOf
2563,3412,2563,3412,partOf
1563,2563,1563,2563,partOf
2564,3415,2564,3415,partOf
1564,2564,1564,2564,partOf
2565,3426,2565,3426,partOf
1565,2565,1565,2565,partOf
2566,3408,2566,3408,partOf
1566,2566,1566,2566,partOf
2567,3409,2567,3409,partOf
1567,2567,1567,2567,partOf
2568,3410,2568,3410,partOf
1568,2568,1568,2568,partOf
2569,3412,2569,3412,partOf
1569,2569,1569,2569,partOf
2570,3415,2570,3415,partOf
1570,2570,1570,2570,partOf
2571,3426,2571,3426,partOf
1571,2571,1571,2571,partOf
2572,3408,2572,3408,partOf
1572,2572,1572,2572,partOf
2573,3409,2573,3409,partOf
1573,2573,1573,2573,partOf
2574,3410,2574,3410,partOf
1574,2574,1574,2574,partOf
2575,3412,2575,3412,partOf
1575,2575,1575,2575,partOf
2576,3415,2576,3415,partOf
1576,2576,1576,2576,partOf
2577,3410,2577,3410,partOf
1577,2577,1577,2577,partOf
2578,3412,2578,3412,partOf
1578,2578,1578,2578,partOf
2579,3415,2579,3415,partOf
1579,2579,1579,2579,partOf
2580,3426,2580,3426,partOf
1580,2580,1580,2580,partOf
2581,4417,2581,4417,partOf
1581,2581,1581,2581,partOf
2582,3409,2582,3409,partOf
1582,2582,1582,2582,partOf
2583,3412,2583,3412,partOf
1583,2583,1583,2583,partOf
2584,3408,2584,3408,partOf
1584,2584,1584,2584,partOf
2585,4425,2585,4425,partOf
1585,2585,1585,2585,partOf
2586,4416,2586,4416,partOf
1586,2586,1586,2586,partOf
2587,3409,2587,3409,partOf
1587,2587,1587,2587,partOf
2588,3410,2588,3410,partOf
1588,2588,1588,2588,partOf
2589,3412,2589,3412,partOf
1589,2589,1589,2589,partOf
2590,3415,2590,3415,partOf
1590,2590,1590,2590,partOf
4591,5408,4591,5408,partOf
2591,3426,2591,3426,partOf
1591,2591,1591,2591,partOf
2592,3408,2592,3408,partOf
1592,2592,1592,2592,partOf
2593,4414,2593,4414,partOf
1593,2593,1593,2593,partOf
2594,3409,2594,3409,partOf
1594,2594,1594,2594,partOf
2595,3410,2595,3410,partOf
1595,2595,1595,2595,partOf
2596,3412,2596,3412,partOf
1596,2596,1596,2596,partOf
2597,3415,2597,3415,partOf
1597,2597,1597,2597,partOf
2598,3426,2598,3426,partOf
1598,2598,1598,2598,partOf
2599,3408,2599,3408,partOf
1599,2599,1599,2599,partOf
2600,4429,2600,4429,partOf
1600,2600,1600,2600,partOf
2601,3412,2601,3412,partOf
1601,2601,1601,2601,partOf
2602,3415,2602,3415,partOf
1602,2602,1602,2602,partOf
2603,3426,2603,3426,partOf
1603,2603,1603,2603,partOf
2604,3408,2604,3408,partOf
1604,2604,1604,2604,partOf
2605,3409,2605,3409,partOf
1605,2605,1605,2605,partOf
2606,3410,2606,3410,partOf
1606,2606,1606,2606,partOf
2607,3412,2607,3412,partOf
1607,2607,1607,2607,partOf
2608,3415,2608,3415,partOf
1608,2608,1608,2608,partOf
2609,3426,2609,3426,partOf
1609,2609,1609,2609,partOf
2610,3408,2610,3408,partOf
1610,2610,1610,2610,partOf
2611,4557,2611,4557,partOf
1611,2611,1611,2611,partOf
2612,3409,2612,3409,partOf
1612,2612,1612,2612,partOf
2613,3410,2613,3410,partOf
1613,2613,1613,2613,partOf
2614,3412,2614,3412,partOf
1614,2614,1614,2614,partOf
2615,3415,2615,3415,partOf
1615,2615,1615,2615,partOf
2616,3426,2616,3426,partOf
1616,2616,1616,2616,partOf
4617,5408,4617,5408,partOf
2617,3408,2617,3408,partOf
1617,2617,1617,2617,partOf
2618,3472,2618,3472,partOf
1618,2618,1618,2618,partOf
3619,4412,3619,4412,partOf
2619,3619,2619,3619,partOf
1619,2619,1619,2619,partOf
2620,3409,2620,3409,partOf
1620,2620,1620,2620,partOf
2621,3410,2621,3410,partOf
1621,2621,1621,2621,partOf
2622,3412,2622,3412,partOf
1622,2622,1622,2622,partOf
2623,3426,2623,3426,partOf
1623,2623,1623,2623,partOf
4624,5409,4624,5409,partOf
2624,3408,2624,3408,partOf
1624,2624,1624,2624,partOf
2625,3409,2625,3409,partOf
1625,2625,1625,2625,partOf
2626,3410,2626,3410,partOf
1626,2626,1626,2626,partOf
2627,3412,2627,3412,partOf
1627,2627,1627,2627,partOf
2628,3415,2628,3415,partOf
1628,2628,1628,2628,partOf
2629,3426,2629,3426,partOf
1629,2629,1629,2629,partOf
2630,3408,2630,3408,partOf
1630,2630,1630,2630,partOf
2631,3472,2631,3472,partOf
1631,2631,1631,2631,partOf
2632,3409,2632,3409,partOf
1632,2632,1632,2632,partOf
2633,3410,2633,3410,partOf
1633,2633,1633,2633,partOf
2634,3412,2634,3412,partOf
1634,2634,1634,2634,partOf
2635,3426,2635,3426,partOf
1635,2635,1635,2635,partOf
2636,3408,2636,3408,partOf
1636,2636,1636,2636,partOf
2637,3472,2637,3472,partOf
1637,2637,1637,2637,partOf
2638,3619,2638,3619,partOf
1638,2638,1638,2638,partOf
2639,3409,2639,3409,partOf
1639,2639,1639,2639,partOf
2640,3410,2640,3410,partOf
1640,2640,1640,2640,partOf
4641,5408,4641,5408,partOf
2641,3412,2641,3412,partOf
1641,2641,1641,2641,partOf
2642,3415,2642,3415,partOf
1642,2642,1642,2642,partOf
2643,3426,2643,3426,partOf
1643,2643,1643,2643,partOf
2644,3408,2644,3408,partOf
1644,2644,1644,2644,partOf
2645,3472,2645,3472,partOf
1645,2645,1645,2645,partOf
4646,5408,4646,5408,partOf
2646,3409,2646,3409,partOf
1646,2646,1646,2646,partOf
2647,3410,2647,3410,partOf
1647,2647,1647,2647,partOf
2648,3412,2648,3412,partOf
1648,2648,1648,2648,partOf
2649,3415,2649,3415,partOf
1649,2649,1649,2649,partOf
2650,3426,2650,3426,partOf
1650,2650,1650,2650,partOf
2651,3472,2651,3472,partOf
1651,2651,1651,2651,partOf
2652,3410,2652,3410,partOf
1652,2652,1652,2652,partOf
2653,3412,2653,3412,partOf
1653,2653,1653,2653,partOf
2654,3415,2654,3415,partOf
1654,2654,1654,2654,partOf
2655,3426,2655,3426,partOf
1655,2655,1655,2655,partOf
2656,3408,2656,3408,partOf
1656,2656,1656,2656,partOf
2657,3472,2657,3472,partOf
1657,2657,1657,2657,partOf
2658,3409,2658,3409,partOf
1658,2658,1658,2658,partOf
2659,3474,2659,3474,partOf
1659,2659,1659,2659,partOf
2660,3410,2660,3410,partOf
1660,2660,1660,2660,partOf
2661,3412,2661,3412,partOf
1661,2661,1661,2661,partOf
2662,3415,2662,3415,partOf
1662,2662,1662,2662,partOf
2663,3408,2663,3408,partOf
1663,2663,1663,2663,partOf
2664,3472,2664,3472,partOf
1664,2664,1664,2664,partOf
2665,3409,2665,3409,partOf
1665,2665,1665,2665,partOf
2666,3412,2666,3412,partOf
1666,2666,1666,2666,partOf
2667,3415,2667,3415,partOf
1667,2667,1667,2667,partOf
4668,5409,4668,5409,partOf
2668,3426,2668,3426,partOf
1668,2668,1668,2668,partOf
2669,3408,2669,3408,partOf
1669,2669,1669,2669,partOf
2670,3472,2670,3472,partOf
1670,2670,1670,2670,partOf
2671,3409,2671,3409,partOf
1671,2671,1671,2671,partOf
2672,3410,2672,3410,partOf
1672,2672,1672,2672,partOf
2673,3412,2673,3412,partOf
1673,2673,1673,2673,partOf
2674,3415,2674,3415,partOf
1674,2674,1674,2674,partOf
2675,3426,2675,3426,partOf
1675,2675,1675,2675,partOf
2676,3408,2676,3408,partOf
1676,2676,1676,2676,partOf
2677,3619,2677,3619,partOf
1677,2677,1677,2677,partOf
2678,3409,2678,3409,partOf
1678,2678,1678,2678,partOf
2679,3410,2679,3410,partOf
1679,2679,1679,2679,partOf
2680,3415,2680,3415,partOf
1680,2680,1680,2680,partOf
2681,3408,2681,3408,partOf
1681,2681,1681,2681,partOf
2682,5408,2682,5408,partOf
1682,2682,1682,2682,partOf
2683,3409,2683,3409,partOf
1683,2683,1683,2683,partOf
2684,3410,2684,3410,partOf
1684,2684,1684,2684,partOf
2685,3412,2685,3412,partOf
1685,2685,1685,2685,partOf
2686,3415,2686,3415,partOf
1686,2686,1686,2686,partOf
2687,3426,2687,3426,partOf
1687,2687,1687,2687,partOf
2688,3408,2688,3408,partOf
1688,2688,1688,2688,partOf
2689,3409,2689,3409,partOf
1689,2689,1689,2689,partOf
2690,3474,2690,3474,partOf
1690,2690,1690,2690,partOf
4691,5409,4691,5409,partOf
2691,3410,2691,3410,partOf
1691,2691,1691,2691,partOf
2692,3412,2692,3412,partOf
1692,2692,1692,2692,partOf
2693,3415,2693,3415,partOf
1693,2693,1693,2693,partOf
2694,3426,2694,3426,partOf
1694,2694,1694,2694,partOf
2695,3408,2695,3408,partOf
1695,2695,1695,2695,partOf
2696,3410,2696,3410,partOf
1696,2696,1696,2696,partOf
2697,3412,2697,3412,partOf
1697,2697,1697,2697,partOf
2698,3415,2698,3415,partOf
1698,2698,1698,2698,partOf
2699,3426,2699,3426,partOf
1699,2699,1699,2699,partOf
2700,3408,2700,3408,partOf
1700,2700,1700,2700,partOf
2701,3409,2701,3409,partOf
1701,2701,1701,2701,partOf
2702,3410,2702,3410,partOf
1702,2702,1702,2702,partOf
2703,3412,2703,3412,partOf
1703,2703,1703,2703,partOf
2704,3415,2704,3415,partOf
1704,2704,1704,2704,partOf
2705,3426,2705,3426,partOf
1705,2705,1705,2705,partOf
2706,3408,2706,3408,partOf
1706,2706,1706,2706,partOf
2707,3409,2707,3409,partOf
1707,2707,1707,2707,partOf
2708,3410,2708,3410,partOf
1708,2708,1708,2708,partOf
2709,3412,2709,3412,partOf
1709,2709,1709,2709,partOf
2710,3415,2710,3415,partOf
1710,2710,1710,2710,partOf
2711,3426,2711,3426,partOf
1711,2711,1711,2711,partOf
2712,3408,2712,3408,partOf
1712,2712,1712,2712,partOf
2713,4416,2713,4416,partOf
1713,2713,1713,2713,partOf
2714,3409,2714,3409,partOf
1714,2714,1714,2714,partOf
2715,3410,2715,3410,partOf
1715,2715,1715,2715,partOf
2716,3412,2716,3412,partOf
1716,2716,1716,2716,partOf
2717,3415,2717,3415,partOf
1717,2717,1717,2717,partOf
2718,3426,2718,3426,partOf
1718,2718,1718,2718,partOf
2719,3408,2719,3408,partOf
1719,2719,1719,2719,partOf
2720,3409,2720,3409,partOf
1720,2720,1720,2720,partOf
2721,3412,2721,3412,partOf
1721,2721,1721,2721,partOf
2722,3415,2722,3415,partOf
1722,2722,1722,2722,partOf
2723,3426,2723,3426,partOf
1723,2723,1723,2723,partOf
2724,4412,2724,4412,partOf
1724,2724,1724,2724,partOf
2725,3409,2725,3409,partOf
1725,2725,1725,2725,partOf
2726,3410,2726,3410,partOf
1726,2726,1726,2726,partOf
2727,3412,2727,3412,partOf
1727,2727,1727,2727,partOf
2728,3415,2728,3415,partOf
1728,2728,1728,2728,partOf
2729,3426,2729,3426,partOf
1729,2729,1729,2729,partOf
2730,3408,2730,3408,partOf
1730,2730,1730,2730,partOf
2731,4448,2731,4448,partOf
1731,2731,1731,2731,partOf
2732,3474,2732,3474,partOf
1732,2732,1732,2732,partOf
2733,3410,2733,3410,partOf
1733,2733,1733,2733,partOf
2734,3412,2734,3412,partOf
1734,2734,1734,2734,partOf
2735,3415,2735,3415,partOf
1735,2735,1735,2735,partOf
2736,3426,2736,3426,partOf
1736,2736,1736,2736,partOf
2737,3408,2737,3408,partOf
1737,2737,1737,2737,partOf
2738,3474,2738,3474,partOf
1738,2738,1738,2738,partOf
2739,3410,2739,3410,partOf
1739,2739,1739,2739,partOf
2740,3415,2740,3415,partOf
1740,2740,1740,2740,partOf
2741,3426,2741,3426,partOf
1741,2741,1741,2741,partOf
2742,3408,2742,3408,partOf
1742,2742,1742,2742,partOf
2743,3474,2743,3474,partOf
1743,2743,1743,2743,partOf
2744,3410,2744,3410,partOf
1744,2744,1744,2744,partOf
2745,3412,2745,3412,partOf
1745,2745,1745,2745,partOf
2746,3415,2746,3415,partOf
1746,2746,1746,2746,partOf
2747,3426,2747,3426,partOf
1747,2747,1747,2747,partOf
2748,3408,2748,3408,partOf
1748,2748,1748,2748,partOf
2749,4415,2749,4415,partOf
1749,2749,1749,2749,partOf
2750,3409,2750,3409,partOf
1750,2750,1750,2750,partOf
2751,3412,2751,3412,partOf
1751,2751,1751,2751,partOf
2752,3415,2752,3415,partOf
1752,2752,1752,2752,partOf
2753,3408,2753,3408,partOf
1753,2753,1753,2753,partOf
2754,3474,2754,3474,partOf
1754,2754,1754,2754,partOf
2755,3426,2755,3426,partOf
1755,2755,1755,2755,partOf
2756,3408,2756,3408,partOf
1756,2756,1756,2756,partOf
2757,3412,2757,3412,partOf
1757,2757,1757,2757,partOf
2758,3415,2758,3415,partOf
1758,2758,1758,2758,partOf
2759,3426,2759,3426,partOf
1759,2759,1759,2759,partOf
2760,3408,2760,3408,partOf
1760,2760,1760,2760,partOf
2761,3474,2761,3474,partOf
1761,2761,1761,2761,partOf
2762,3410,2762,3410,partOf
1762,2762,1762,2762,partOf
2763,3412,2763,3412,partOf
1763,2763,1763,2763,partOf
2764,3415,2764,3415,partOf
1764,2764,1764,2764,partOf
2765,3426,2765,3426,partOf
1765,2765,1765,2765,partOf
2766,3408,2766,3408,partOf
1766,2766,1766,2766,partOf
2767,4414,2767,4414,partOf
1767,2767,1767,2767,partOf
2768,3415,2768,3415,partOf
1768,2768,1768,2768,partOf
2769,3426,2769,3426,partOf
1769,2769,1769,2769,partOf
2770,3408,2770,3408,partOf
1770,2770,1770,2770,partOf
2771,3474,2771,3474,partOf
1771,2771,1771,2771,partOf
2772,3410,2772,3410,partOf
1772,2772,1772,2772,partOf
2773,3412,2773,3412,partOf
1773,2773,1773,2773,partOf
2774,3415,2774,3415,partOf
1774,2774,1774,2774,partOf
2775,3426,2775,3426,partOf
1775,2775,1775,2775,partOf
2776,3408,2776,3408,partOf
1776,2776,1776,2776,partOf
2777,4408,2777,4408,partOf
1777,2777,1777,2777,partOf
2778,3410,2778,3410,partOf
1778,2778,1778,2778,partOf
2779,3412,2779,3412,partOf
1779,2779,1779,2779,partOf
2780,3408,2780,3408,partOf
1780,2780,1780,2780,partOf
2781,3410,2781,3410,partOf
1781,2781,1781,2781,partOf
2782,3412,2782,3412,partOf
1782,2782,1782,2782,partOf
2783,3426,2783,3426,partOf
1783,2783,1783,2783,partOf
2784,3472,2784,3472,partOf
1784,2784,1784,2784,partOf
2785,3409,2785,3409,partOf
1785,2785,1785,2785,partOf
2786,3474,2786,3474,partOf
1786,2786,1786,2786,partOf
2787,3410,2787,3410,partOf
1787,2787,1787,2787,partOf
2788,3426,2788,3426,partOf
1788,2788,1788,2788,partOf
2789,3408,2789,3408,partOf
1789,2789,1789,2789,partOf
2790,3474,2790,3474,partOf
1790,2790,1790,2790,partOf
2791,3412,2791,3412,partOf
1791,2791,1791,2791,partOf
2792,3415,2792,3415,partOf
1792,2792,1792,2792,partOf
2793,3426,2793,3426,partOf
1793,2793,1793,2793,partOf
2794,3408,2794,3408,partOf
1794,2794,1794,2794,partOf
2795,3409,2795,3409,partOf
1795,2795,1795,2795,partOf
2796,3474,2796,3474,partOf
1796,2796,1796,2796,partOf
2797,3412,2797,3412,partOf
1797,2797,1797,2797,partOf
2798,3415,2798,3415,partOf
1798,2798,1798,2798,partOf
2799,3426,2799,3426,partOf
1799,2799,1799,2799,partOf
2800,3408,2800,3408,partOf
1800,2800,1800,2800,partOf
2801,4417,2801,4417,partOf
1801,2801,1801,2801,partOf
2802,3409,2802,3409,partOf
1802,2802,1802,2802,partOf
2803,3410,2803,3410,partOf
1803,2803,1803,2803,partOf
2804,3413,2804,3413,partOf
1804,2804,1804,2804,partOf
2805,3415,2805,3415,partOf
1805,2805,1805,2805,partOf
2806,3426,2806,3426,partOf
1806,2806,1806,2806,partOf
2807,3408,2807,3408,partOf
1807,2807,1807,2807,partOf
2808,3410,2808,3410,partOf
1808,2808,1808,2808,partOf
6809,00,6809,00,partOf
5809,6809,5809,6809,partOf
2809,5809,2809,5809,partOf
1809,2809,1809,2809,partOf
4810,5809,4810,5809,partOf
2810,4810,2810,4810,partOf
1810,2810,1810,2810,partOf
5811,6809,5811,6809,partOf
4811,5811,4811,5811,partOf
2811,4811,2811,4811,partOf
1811,2811,1811,2811,partOf
2812,4810,2812,4810,partOf
1812,2812,1812,2812,partOf
2813,4810,2813,4810,partOf
1813,2813,1813,2813,partOf
2814,4810,2814,4810,partOf
1814,2814,1814,2814,partOf
2815,4810,2815,4810,partOf
1815,2815,1815,2815,partOf
4816,5811,4816,5811,partOf
2816,4816,2816,4816,partOf
1816,2816,1816,2816,partOf
2817,4816,2817,4816,partOf
1817,2817,1817,2817,partOf
2818,4816,2818,4816,partOf
1818,2818,1818,2818,partOf
2819,5811,2819,5811,partOf
1819,2819,1819,2819,partOf
2820,4816,2820,4816,partOf
1820,2820,1820,2820,partOf
2821,4816,2821,4816,partOf
1821,2821,1821,2821,partOf
2822,4810,2822,4810,partOf
1822,2822,1822,2822,partOf
2823,5811,2823,5811,partOf
1823,2823,1823,2823,partOf
3824,5811,3824,5811,partOf
2824,3824,2824,3824,partOf
1824,2824,1824,2824,partOf
2825,5811,2825,5811,partOf
1825,2825,1825,2825,partOf
2826,5811,2826,5811,partOf
1826,2826,1826,2826,partOf
2827,5811,2827,5811,partOf
1827,2827,1827,2827,partOf
3828,5811,3828,5811,partOf
2828,3828,2828,3828,partOf
1828,2828,1828,2828,partOf
3829,5811,3829,5811,partOf
2829,3829,2829,3829,partOf
1829,2829,1829,2829,partOf
4830,5811,4830,5811,partOf
2830,3829,2830,3829,partOf
1830,2830,1830,2830,partOf
2831,3828,2831,3828,partOf
1831,2831,1831,2831,partOf
2832,3829,2832,3829,partOf
1832,2832,1832,2832,partOf
4833,5811,4833,5811,partOf
3833,4833,3833,4833,partOf
2833,3833,2833,3833,partOf
1833,2833,1833,2833,partOf
2834,3829,2834,3829,partOf
1834,2834,1834,2834,partOf
2835,3833,2835,3833,partOf
1835,2835,1835,2835,partOf
2836,3833,2836,3833,partOf
1836,2836,1836,2836,partOf
2837,3828,2837,3828,partOf
1837,2837,1837,2837,partOf
2838,3833,2838,3833,partOf
1838,2838,1838,2838,partOf
2839,4833,2839,4833,partOf
1839,2839,1839,2839,partOf
4840,5811,4840,5811,partOf
2840,3833,2840,3833,partOf
1840,2840,1840,2840,partOf
3841,4833,3841,4833,partOf
2841,3841,2841,3841,partOf
1841,2841,1841,2841,partOf
5842,6809,5842,6809,partOf
3842,5842,3842,5842,partOf
2842,3842,2842,3842,partOf
1842,2842,1842,2842,partOf
5843,6809,5843,6809,partOf
4843,5843,4843,5843,partOf
2843,3842,2843,3842,partOf
1843,2843,1843,2843,partOf
4844,5843,4844,5843,partOf
3844,4844,3844,4844,partOf
2844,3844,2844,3844,partOf
1844,2844,1844,2844,partOf
2845,3842,2845,3842,partOf
1845,2845,1845,2845,partOf
5846,6809,5846,6809,partOf
3846,5846,3846,5846,partOf
2846,3846,2846,3846,partOf
1846,2846,1846,2846,partOf
2847,3846,2847,3846,partOf
1847,2847,1847,2847,partOf
2848,3842,2848,3842,partOf
1848,2848,1848,2848,partOf
2849,5842,2849,5842,partOf
1849,2849,1849,2849,partOf
2850,3842,2850,3842,partOf
1850,2850,1850,2850,partOf
2851,3842,2851,3842,partOf
1851,2851,1851,2851,partOf
4852,5842,4852,5842,partOf
2852,3842,2852,3842,partOf
1852,2852,1852,2852,partOf
2853,3842,2853,3842,partOf
1853,2853,1853,2853,partOf
3854,4852,3854,4852,partOf
2854,3854,2854,3854,partOf
1854,2854,1854,2854,partOf
2855,4852,2855,4852,partOf
1855,2855,1855,2855,partOf
3856,4852,3856,4852,partOf
2856,3856,2856,3856,partOf
1856,2856,1856,2856,partOf
2857,3856,2857,3856,partOf
1857,2857,1857,2857,partOf
2858,3856,2858,3856,partOf
1858,2858,1858,2858,partOf
2859,4852,2859,4852,partOf
1859,2859,1859,2859,partOf
2860,3856,2860,3856,partOf
1860,2860,1860,2860,partOf
2861,3856,2861,3856,partOf
1861,2861,1861,2861,partOf
2862,3856,2862,3856,partOf
1862,2862,1862,2862,partOf
2863,4852,2863,4852,partOf
1863,2863,1863,2863,partOf
2864,3856,2864,3856,partOf
1864,2864,1864,2864,partOf
2865,3856,2865,3856,partOf
1865,2865,1865,2865,partOf
2866,3856,2866,3856,partOf
1866,2866,1866,2866,partOf
2867,4852,2867,4852,partOf
1867,2867,1867,2867,partOf
2868,4852,2868,4852,partOf
1868,2868,1868,2868,partOf
2869,3856,2869,3856,partOf
1869,2869,1869,2869,partOf
2870,3856,2870,3856,partOf
1870,2870,1870,2870,partOf
2871,3856,2871,3856,partOf
1871,2871,1871,2871,partOf
2872,4852,2872,4852,partOf
1872,2872,1872,2872,partOf
2873,3856,2873,3856,partOf
1873,2873,1873,2873,partOf
2874,3856,2874,3856,partOf
1874,2874,1874,2874,partOf
2875,3856,2875,3856,partOf
1875,2875,1875,2875,partOf
2876,3856,2876,3856,partOf
1876,2876,1876,2876,partOf
3877,4852,3877,4852,partOf
2877,3877,2877,3877,partOf
1877,2877,1877,2877,partOf
2878,3877,2878,3877,partOf
1878,2878,1878,2878,partOf
2879,3877,2879,3877,partOf
1879,2879,1879,2879,partOf
2880,3877,2880,3877,partOf
1880,2880,1880,2880,partOf
2881,3877,2881,3877,partOf
1881,2881,1881,2881,partOf
2882,4852,2882,4852,partOf
1882,2882,1882,2882,partOf
2883,4852,2883,4852,partOf
1883,2883,1883,2883,partOf
3884,4843,3884,4843,partOf
2884,3884,2884,3884,partOf
1884,2884,1884,2884,partOf
2885,4843,2885,4843,partOf
1885,2885,1885,2885,partOf
2886,4843,2886,4843,partOf
1886,2886,1886,2886,partOf
2887,4843,2887,4843,partOf
1887,2887,1887,2887,partOf
2888,4844,2888,4844,partOf
1888,2888,1888,2888,partOf
3889,4843,3889,4843,partOf
2889,3889,2889,3889,partOf
1889,2889,1889,2889,partOf
2890,3889,2890,3889,partOf
1890,2890,1890,2890,partOf
2891,3889,2891,3889,partOf
1891,2891,1891,2891,partOf
2892,3846,2892,3846,partOf
1892,2892,1892,2892,partOf
2893,4843,2893,4843,partOf
1893,2893,1893,2893,partOf
2894,3889,2894,3889,partOf
1894,2894,1894,2894,partOf
2895,3889,2895,3889,partOf
1895,2895,1895,2895,partOf
2896,3889,2896,3889,partOf
1896,2896,1896,2896,partOf
2897,3889,2897,3889,partOf
1897,2897,1897,2897,partOf
2898,3889,2898,3889,partOf
1898,2898,1898,2898,partOf
2899,3889,2899,3889,partOf
1899,2899,1899,2899,partOf
2900,4843,2900,4843,partOf
1900,2900,1900,2900,partOf
2901,3844,2901,3844,partOf
1901,2901,1901,2901,partOf
2902,3842,2902,3842,partOf
1902,2902,1902,2902,partOf
2903,4844,2903,4844,partOf
1903,2903,1903,2903,partOf
3904,4844,3904,4844,partOf
2904,3904,2904,3904,partOf
1904,2904,1904,2904,partOf
2905,3846,2905,3846,partOf
1905,2905,1905,2905,partOf
2906,4844,2906,4844,partOf
1906,2906,1906,2906,partOf
2907,3842,2907,3842,partOf
1907,2907,1907,2907,partOf
2908,3846,2908,3846,partOf
1908,2908,1908,2908,partOf
2909,3842,2909,3842,partOf
1909,2909,1909,2909,partOf
2910,3846,2910,3846,partOf
1910,2910,1910,2910,partOf
2911,3842,2911,3842,partOf
1911,2911,1911,2911,partOf
2912,3842,2912,3842,partOf
1912,2912,1912,2912,partOf
2913,3846,2913,3846,partOf
1913,2913,1913,2913,partOf
2914,3846,2914,3846,partOf
1914,2914,1914,2914,partOf
2915,3846,2915,3846,partOf
1915,2915,1915,2915,partOf
5916,6809,5916,6809,partOf
4916,5916,4916,5916,partOf
3916,4916,3916,4916,partOf
2916,3916,2916,3916,partOf
1916,2916,1916,2916,partOf
4917,5916,4917,5916,partOf
3917,4917,3917,4917,partOf
2917,3917,2917,3917,partOf
1917,2917,1917,2917,partOf
2918,3917,2918,3917,partOf
1918,2918,1918,2918,partOf
4919,5916,4919,5916,partOf
3919,4919,3919,4919,partOf
2919,3919,2919,3919,partOf
1919,2919,1919,2919,partOf
2920,3919,2920,3919,partOf
1920,2920,1920,2920,partOf
2921,3919,2921,3919,partOf
1921,2921,1921,2921,partOf
3922,4919,3922,4919,partOf
2922,3922,2922,3922,partOf
1922,2922,1922,2922,partOf
3923,4919,3923,4919,partOf
2923,3923,2923,3923,partOf
1923,2923,1923,2923,partOf
3924,4919,3924,4919,partOf
2924,3924,2924,3924,partOf
1924,2924,1924,2924,partOf
2925,3924,2925,3924,partOf
1925,2925,1925,2925,partOf
2926,3924,2926,3924,partOf
1926,2926,1926,2926,partOf
5927,6809,5927,6809,partOf
4927,5927,4927,5927,partOf
3927,4927,3927,4927,partOf
2927,3927,2927,3927,partOf
1927,2927,1927,2927,partOf
3928,4927,3928,4927,partOf
2928,3928,2928,3928,partOf
1928,2928,1928,2928,partOf
2929,3927,2929,3927,partOf
1929,2929,1929,2929,partOf
2930,3927,2930,3927,partOf
1930,2930,1930,2930,partOf
5931,6809,5931,6809,partOf
4931,5931,4931,5931,partOf
2931,3928,2931,3928,partOf
1931,2931,1931,2931,partOf
2932,4927,2932,4927,partOf
1932,2932,1932,2932,partOf
4933,5927,4933,5927,partOf
3933,4933,3933,4933,partOf
2933,3933,2933,3933,partOf
1933,2933,1933,2933,partOf
5934,6809,5934,6809,partOf
4934,5934,4934,5934,partOf
2934,4934,2934,4934,partOf
1934,2934,1934,2934,partOf
4935,5934,4935,5934,partOf
2935,4935,2935,4935,partOf
1935,2935,1935,2935,partOf
2936,4935,2936,4935,partOf
1936,2936,1936,2936,partOf
5937,6809,5937,6809,partOf
4937,5937,4937,5937,partOf
2937,4937,2937,4937,partOf
1937,2937,1937,2937,partOf
2938,4935,2938,4935,partOf
1938,2938,1938,2938,partOf
2939,4935,2939,4935,partOf
1939,2939,1939,2939,partOf
2940,4927,2940,4927,partOf
1940,2940,1940,2940,partOf
2941,4931,2941,4931,partOf
1941,2941,1941,2941,partOf
3942,4931,3942,4931,partOf
2942,3942,2942,3942,partOf
1942,2942,1942,2942,partOf
4943,5931,4943,5931,partOf
2943,3927,2943,3927,partOf
1943,2943,1943,2943,partOf
4944,5931,4944,5931,partOf
2944,3928,2944,3928,partOf
1944,2944,1944,2944,partOf
5945,6809,5945,6809,partOf
2945,4944,2945,4944,partOf
1945,2945,1945,2945,partOf
4946,5937,4946,5937,partOf
2946,4946,2946,4946,partOf
1946,2946,1946,2946,partOf
2947,3928,2947,3928,partOf
1947,2947,1947,2947,partOf
4948,5937,4948,5937,partOf
3948,4948,3948,4948,partOf
2948,3948,2948,3948,partOf
1948,2948,1948,2948,partOf
2949,3927,2949,3927,partOf
1949,2949,1949,2949,partOf
2950,3928,2950,3928,partOf
1950,2950,1950,2950,partOf
5951,6809,5951,6809,partOf
4951,5951,4951,5951,partOf
2951,4951,2951,4951,partOf
1951,2951,1951,2951,partOf
2952,5951,2952,5951,partOf
1952,2952,1952,2952,partOf
2953,5951,2953,5951,partOf
1953,2953,1953,2953,partOf
2954,4951,2954,4951,partOf
1954,2954,1954,2954,partOf
4955,5951,4955,5951,partOf
2955,4955,2955,4955,partOf
1955,2955,1955,2955,partOf
4956,5951,4956,5951,partOf
2956,4956,2956,4956,partOf
1956,2956,1956,2956,partOf
2957,4955,2957,4955,partOf
1957,2957,1957,2957,partOf
2958,4956,2958,4956,partOf
1958,2958,1958,2958,partOf
2959,4955,2959,4955,partOf
1959,2959,1959,2959,partOf
2960,4956,2960,4956,partOf
1960,2960,1960,2960,partOf
2961,4955,2961,4955,partOf
1961,2961,1961,2961,partOf
2962,4956,2962,4956,partOf
1962,2962,1962,2962,partOf
2963,4955,2963,4955,partOf
1963,2963,1963,2963,partOf
2964,5951,2964,5951,partOf
1964,2964,1964,2964,partOf
2965,4955,2965,4955,partOf
1965,2965,1965,2965,partOf
2966,4955,2966,4955,partOf
1966,2966,1966,2966,partOf
2967,4956,2967,4956,partOf
1967,2967,1967,2967,partOf
2968,4955,2968,4955,partOf
1968,2968,1968,2968,partOf
2969,4956,2969,4956,partOf
1969,2969,1969,2969,partOf
2970,4955,2970,4955,partOf
1970,2970,1970,2970,partOf
2971,4956,2971,4956,partOf
1971,2971,1971,2971,partOf
4972,5951,4972,5951,partOf
2972,4972,2972,4972,partOf
1972,2972,1972,2972,partOf
2973,4956,2973,4956,partOf
1973,2973,1973,2973,partOf
2974,4972,2974,4972,partOf
1974,2974,1974,2974,partOf
2975,4972,2975,4972,partOf
1975,2975,1975,2975,partOf
2976,4956,2976,4956,partOf
1976,2976,1976,2976,partOf
2977,5951,2977,5951,partOf
1977,2977,1977,2977,partOf
2978,4972,2978,4972,partOf
1978,2978,1978,2978,partOf
2979,4956,2979,4956,partOf
1979,2979,1979,2979,partOf
2980,4956,2980,4956,partOf
1980,2980,1980,2980,partOf
2981,4972,2981,4972,partOf
1981,2981,1981,2981,partOf
2982,4956,2982,4956,partOf
1982,2982,1982,2982,partOf
2983,4972,2983,4972,partOf
1983,2983,1983,2983,partOf
2984,4956,2984,4956,partOf
1984,2984,1984,2984,partOf
3985,4972,3985,4972,partOf
2985,3985,2985,3985,partOf
1985,2985,1985,2985,partOf
5986,6809,5986,6809,partOf
2986,4956,2986,4956,partOf
1986,2986,1986,2986,partOf
2987,4972,2987,4972,partOf
1987,2987,1987,2987,partOf
2988,3985,2988,3985,partOf
1988,2988,1988,2988,partOf
3989,5986,3989,5986,partOf
2989,3989,2989,3989,partOf
1989,2989,1989,2989,partOf
3990,5986,3990,5986,partOf
2990,3990,2990,3990,partOf
1990,2990,1990,2990,partOf
3991,4972,3991,4972,partOf
2991,3991,2991,3991,partOf
1991,2991,1991,2991,partOf
2992,3985,2992,3985,partOf
1992,2992,1992,2992,partOf
2993,3989,2993,3989,partOf
1993,2993,1993,2993,partOf
2994,3991,2994,3991,partOf
1994,2994,1994,2994,partOf
2995,3985,2995,3985,partOf
1995,2995,1995,2995,partOf
2996,3989,2996,3989,partOf
1996,2996,1996,2996,partOf
2997,3990,2997,3990,partOf
1997,2997,1997,2997,partOf
2998,3991,2998,3991,partOf
1998,2998,1998,2998,partOf
2999,3985,2999,3985,partOf
1999,2999,1999,2999,partOf
21000,3985,21000,3985,partOf
11000,21000,11000,21000,partOf
21001,3989,21001,3989,partOf
11001,21001,11001,21001,partOf
21002,3985,21002,3985,partOf
11002,21002,11002,21002,partOf
21003,3991,21003,3991,partOf
11003,21003,11003,21003,partOf
21004,3985,21004,3985,partOf
11004,21004,11004,21004,partOf
21005,3989,21005,3989,partOf
11005,21005,11005,21005,partOf
21006,3991,21006,3991,partOf
11006,21006,11006,21006,partOf
21007,3985,21007,3985,partOf
11007,21007,11007,21007,partOf
21008,3989,21008,3989,partOf
11008,21008,11008,21008,partOf
21009,3991,21009,3991,partOf
11009,21009,11009,21009,partOf
21010,3985,21010,3985,partOf
11010,21010,11010,21010,partOf
21011,3991,21011,3991,partOf
11011,21011,11011,21011,partOf
21012,3991,21012,3991,partOf
11012,21012,11012,21012,partOf
21013,3989,21013,3989,partOf
11013,21013,11013,21013,partOf
21014,3991,21014,3991,partOf
11014,21014,11014,21014,partOf
21015,3985,21015,3985,partOf
11015,21015,11015,21015,partOf
21016,3989,21016,3989,partOf
11016,21016,11016,21016,partOf
21017,3991,21017,3991,partOf
11017,21017,11017,21017,partOf
21018,3985,21018,3985,partOf
11018,21018,11018,21018,partOf
21019,3989,21019,3989,partOf
11019,21019,11019,21019,partOf
21020,3991,21020,3991,partOf
11020,21020,11020,21020,partOf
21021,4972,21021,4972,partOf
11021,21021,11021,21021,partOf
21022,3985,21022,3985,partOf
11022,21022,11022,21022,partOf
21023,3989,21023,3989,partOf
11023,21023,11023,21023,partOf
21024,3991,21024,3991,partOf
11024,21024,11024,21024,partOf
21025,3985,21025,3985,partOf
11025,21025,11025,21025,partOf
21026,3989,21026,3989,partOf
11026,21026,11026,21026,partOf
21027,3991,21027,3991,partOf
11027,21027,11027,21027,partOf
21028,4972,21028,4972,partOf
11028,21028,11028,21028,partOf
21029,3985,21029,3985,partOf
11029,21029,11029,21029,partOf
21030,3989,21030,3989,partOf
11030,21030,11030,21030,partOf
21031,4972,21031,4972,partOf
11031,21031,11031,21031,partOf
21032,3985,21032,3985,partOf
11032,21032,11032,21032,partOf
21033,3989,21033,3989,partOf
11033,21033,11033,21033,partOf
21034,3991,21034,3991,partOf
11034,21034,11034,21034,partOf
21035,3985,21035,3985,partOf
11035,21035,11035,21035,partOf
21036,3991,21036,3991,partOf
11036,21036,11036,21036,partOf
21037,3985,21037,3985,partOf
11037,21037,11037,21037,partOf
21038,3989,21038,3989,partOf
11038,21038,11038,21038,partOf
21039,3991,21039,3991,partOf
11039,21039,11039,21039,partOf
21040,3985,21040,3985,partOf
11040,21040,11040,21040,partOf
21041,3989,21041,3989,partOf
11041,21041,11041,21041,partOf
21042,3991,21042,3991,partOf
11042,21042,11042,21042,partOf
21043,3985,21043,3985,partOf
11043,21043,11043,21043,partOf
21044,3989,21044,3989,partOf
11044,21044,11044,21044,partOf
21045,3985,21045,3985,partOf
11045,21045,11045,21045,partOf
21046,3989,21046,3989,partOf
11046,21046,11046,21046,partOf
21047,3991,21047,3991,partOf
11047,21047,11047,21047,partOf
21048,4956,21048,4956,partOf
11048,21048,11048,21048,partOf
21049,3985,21049,3985,partOf
11049,21049,11049,21049,partOf
21050,3989,21050,3989,partOf
11050,21050,11050,21050,partOf
21051,3991,21051,3991,partOf
11051,21051,11051,21051,partOf
21052,3985,21052,3985,partOf
11052,21052,11052,21052,partOf
21053,3989,21053,3989,partOf
11053,21053,11053,21053,partOf
21054,3991,21054,3991,partOf
11054,21054,11054,21054,partOf
21055,4972,21055,4972,partOf
11055,21055,11055,21055,partOf
21056,3985,21056,3985,partOf
11056,21056,11056,21056,partOf
21057,3989,21057,3989,partOf
11057,21057,11057,21057,partOf
21058,3985,21058,3985,partOf
11058,21058,11058,21058,partOf
21059,3989,21059,3989,partOf
11059,21059,11059,21059,partOf
21060,3991,21060,3991,partOf
11060,21060,11060,21060,partOf
21061,3989,21061,3989,partOf
11061,21061,11061,21061,partOf
21062,3989,21062,3989,partOf
11062,21062,11062,21062,partOf
21063,3990,21063,3990,partOf
11063,21063,11063,21063,partOf
21064,3991,21064,3991,partOf
11064,21064,11064,21064,partOf
21065,3985,21065,3985,partOf
11065,21065,11065,21065,partOf
21066,3991,21066,3991,partOf
11066,21066,11066,21066,partOf
21067,3985,21067,3985,partOf
11067,21067,11067,21067,partOf
21068,3989,21068,3989,partOf
11068,21068,11068,21068,partOf
21069,3991,21069,3991,partOf
11069,21069,11069,21069,partOf
21070,3985,21070,3985,partOf
11070,21070,11070,21070,partOf
21071,3989,21071,3989,partOf
11071,21071,11071,21071,partOf
21072,3991,21072,3991,partOf
11072,21072,11072,21072,partOf
21073,3985,21073,3985,partOf
11073,21073,11073,21073,partOf
21074,3989,21074,3989,partOf
11074,21074,11074,21074,partOf
21075,3991,21075,3991,partOf
11075,21075,11075,21075,partOf
21076,3985,21076,3985,partOf
11076,21076,11076,21076,partOf
21077,3989,21077,3989,partOf
11077,21077,11077,21077,partOf
21078,4956,21078,4956,partOf
11078,21078,11078,21078,partOf
21079,3989,21079,3989,partOf
11079,21079,11079,21079,partOf
21080,3985,21080,3985,partOf
11080,21080,11080,21080,partOf
51081,6809,51081,6809,partOf
21081,3989,21081,3989,partOf
11081,21081,11081,21081,partOf
21082,3985,21082,3985,partOf
11082,21082,11082,21082,partOf
21083,3989,21083,3989,partOf
11083,21083,11083,21083,partOf
21084,3991,21084,3991,partOf
11084,21084,11084,21084,partOf
21085,3985,21085,3985,partOf
11085,21085,11085,21085,partOf
21086,3991,21086,3991,partOf
11086,21086,11086,21086,partOf
21087,3985,21087,3985,partOf
11087,21087,11087,21087,partOf
21088,3991,21088,3991,partOf
11088,21088,11088,21088,partOf
51089,6809,51089,6809,partOf
21089,3985,21089,3985,partOf
11089,21089,11089,21089,partOf
21090,3989,21090,3989,partOf
11090,21090,11090,21090,partOf
21091,3991,21091,3991,partOf
11091,21091,11091,21091,partOf
21092,3985,21092,3985,partOf
11092,21092,11092,21092,partOf
21093,3989,21093,3989,partOf
11093,21093,11093,21093,partOf
21094,3985,21094,3985,partOf
11094,21094,11094,21094,partOf
21095,3989,21095,3989,partOf
11095,21095,11095,21095,partOf
21096,3991,21096,3991,partOf
11096,21096,11096,21096,partOf
21097,4956,21097,4956,partOf
11097,21097,11097,21097,partOf
21098,3991,21098,3991,partOf
11098,21098,11098,21098,partOf
21099,3985,21099,3985,partOf
11099,21099,11099,21099,partOf
21100,3989,21100,3989,partOf
11100,21100,11100,21100,partOf
21101,3991,21101,3991,partOf
11101,21101,11101,21101,partOf
21102,3985,21102,3985,partOf
11102,21102,11102,21102,partOf
21103,3989,21103,3989,partOf
11103,21103,11103,21103,partOf
21104,3991,21104,3991,partOf
11104,21104,11104,21104,partOf
21105,3985,21105,3985,partOf
11105,21105,11105,21105,partOf
21106,3989,21106,3989,partOf
11106,21106,11106,21106,partOf
21107,3991,21107,3991,partOf
11107,21107,11107,21107,partOf
21108,3985,21108,3985,partOf
11108,21108,11108,21108,partOf
21109,3989,21109,3989,partOf
11109,21109,11109,21109,partOf
21110,3991,21110,3991,partOf
11110,21110,11110,21110,partOf
21111,4956,21111,4956,partOf
11111,21111,11111,21111,partOf
21112,3985,21112,3985,partOf
11112,21112,11112,21112,partOf
21113,3989,21113,3989,partOf
11113,21113,11113,21113,partOf
21114,3991,21114,3991,partOf
11114,21114,11114,21114,partOf
21115,3985,21115,3985,partOf
11115,21115,11115,21115,partOf
21116,3991,21116,3991,partOf
11116,21116,11116,21116,partOf
21117,3985,21117,3985,partOf
11117,21117,11117,21117,partOf
21118,3991,21118,3991,partOf
11118,21118,11118,21118,partOf
21119,3985,21119,3985,partOf
11119,21119,11119,21119,partOf
21120,3989,21120,3989,partOf
11120,21120,11120,21120,partOf
21121,3991,21121,3991,partOf
11121,21121,11121,21121,partOf
21122,3989,21122,3989,partOf
11122,21122,11122,21122,partOf
21123,3990,21123,3990,partOf
11123,21123,11123,21123,partOf
21124,3991,21124,3991,partOf
11124,21124,11124,21124,partOf
21125,3985,21125,3985,partOf
11125,21125,11125,21125,partOf
21126,3989,21126,3989,partOf
11126,21126,11126,21126,partOf
21127,3990,21127,3990,partOf
11127,21127,11127,21127,partOf
21128,3991,21128,3991,partOf
11128,21128,11128,21128,partOf
21129,3985,21129,3985,partOf
11129,21129,11129,21129,partOf
21130,3990,21130,3990,partOf
11130,21130,11130,21130,partOf
21131,3991,21131,3991,partOf
11131,21131,11131,21131,partOf
21132,3989,21132,3989,partOf
11132,21132,11132,21132,partOf
21133,3990,21133,3990,partOf
11133,21133,11133,21133,partOf
21134,3991,21134,3991,partOf
11134,21134,11134,21134,partOf
21135,3985,21135,3985,partOf
11135,21135,11135,21135,partOf
21136,3990,21136,3990,partOf
11136,21136,11136,21136,partOf
21137,3991,21137,3991,partOf
11137,21137,11137,21137,partOf
21138,3985,21138,3985,partOf
11138,21138,11138,21138,partOf
21139,3989,21139,3989,partOf
11139,21139,11139,21139,partOf
21140,3990,21140,3990,partOf
11140,21140,11140,21140,partOf
21141,3991,21141,3991,partOf
11141,21141,11141,21141,partOf
21142,3989,21142,3989,partOf
11142,21142,11142,21142,partOf
21143,3990,21143,3990,partOf
11143,21143,11143,21143,partOf
21144,3991,21144,3991,partOf
11144,21144,11144,21144,partOf
21145,3985,21145,3985,partOf
11145,21145,11145,21145,partOf
21146,3989,21146,3989,partOf
11146,21146,11146,21146,partOf
21147,3990,21147,3990,partOf
11147,21147,11147,21147,partOf
21148,3991,21148,3991,partOf
11148,21148,11148,21148,partOf
